,ds,trend,yhat_lower,yhat_upper,trend_lower,trend_upper,additive_terms,additive_terms_lower,additive_terms_upper,weekly,weekly_lower,weekly_upper,yearly,yearly_lower,yearly_upper,multiplicative_terms,multiplicative_terms_lower,multiplicative_terms_upper,yhat
0,1949-01-01,106.48533404598572,45.464062906825625,126.24806746551515,106.48533404598572,106.48533404598572,-20.306971275411886,-20.306971275411886,-20.306971275411886,1.173553020017475,1.173553020017475,1.173553020017475,-21.480524295429365,-21.480524295429365,-21.480524295429365,0.0,0.0,0.0,86.17836277057384
1,1949-02-01,108.65568464033024,29.059037510010352,116.7648544889782,108.65568464033024,108.65568464033024,-33.5006892545987,-33.5006892545987,-33.5006892545987,-3.8120563816889668,-3.8120563816889668,-3.8120563816889668,-29.68863287290973,-29.68863287290973,-29.68863287290973,0.0,0.0,0.0,75.15499538573154
2,1949-03-01,110.61600130618982,62.04673605764972,150.3564043950381,110.61600130618982,110.61600130618982,-3.744191816390891,-3.744191816390891,-3.744191816390891,-3.812056381683838,-3.812056381683838,-3.812056381683838,0.06786456529294671,0.06786456529294671,0.06786456529294671,0.0,0.0,0.0,106.87180948979892
3,1949-04-01,112.78635190053434,67.4279919615224,153.80539141597762,112.78635190053434,112.78635190053434,-0.5179093231649711,-0.5179093231649711,-0.5179093231649711,4.7607013482922,4.7607013482922,4.7607013482922,-5.278610671457171,-5.278610671457171,-5.278610671457171,0.0,0.0,0.0,112.26844257736937
4,1949-05-01,114.88669118538387,66.20045859675791,151.2586683536459,114.88669118538387,114.88669118538387,-5.032763086899957,-5.032763086899957,-5.032763086899957,-1.6092890321920856,-1.6092890321920856,-1.6092890321920856,-3.4234740547078713,-3.4234740547078713,-3.4234740547078713,0.0,0.0,0.0,109.8539280984839
5,1949-06-01,117.05704177972841,109.91346023599851,197.31006338618334,117.05704177972841,117.05704177972841,35.12567177630918,35.12567177630918,35.12567177630918,1.085200846180898,1.085200846180898,1.085200846180898,34.040470930128286,34.040470930128286,34.040470930128286,0.0,0.0,0.0,152.18271355603758
6,1949-07-01,119.15738107051334,149.60059610822586,237.9703578458527,119.15738107051334,119.15738107051334,75.315125222081,75.315125222081,75.315125222081,4.76070134829232,4.76070134829232,4.76070134829232,70.55442387378868,70.55442387378868,70.55442387378868,0.0,0.0,0.0,194.47250629259435
7,1949-08-01,121.32773167099111,142.83854997128492,227.76174651197968,121.32773167099111,121.32773167099111,65.68545122725371,65.68545122725371,65.68545122725371,-2.2096540320744635,-2.2096540320744635,-2.2096540320744635,67.89510525932818,67.89510525932818,67.89510525932818,0.0,0.0,0.0,187.01318289824482
8,1949-09-01,123.49808227146887,95.565357886034,186.79777946058147,123.49808227146887,123.49808227146887,17.458099484878115,17.458099484878115,17.458099484878115,0.6115442314613507,0.6115442314613507,0.6115442314613507,16.846555253416767,16.846555253416767,16.846555253416767,0.0,0.0,0.0,140.95618175634698
9,1949-10-01,125.59842156225382,58.66298407987137,150.65330641065594,125.59842156225382,125.59842156225382,-20.622772626980094,-20.622772626980094,-20.622772626980094,1.173553020023798,1.173553020023798,1.173553020023798,-21.796325647003894,-21.796325647003894,-21.796325647003894,0.0,0.0,0.0,104.97564893527372
10,1949-11-01,127.76877215567593,22.199540029462256,109.38913563010745,127.76877215567593,127.76877215567593,-61.92828627709318,-61.92828627709318,-61.92828627709318,-3.8120563816844033,-3.8120563816844033,-3.8120563816844033,-58.11622989540878,-58.11622989540878,-58.11622989540878,0.0,0.0,0.0,65.84048587858275
11,1949-12-01,129.86911143963286,50.742464066463555,142.37230224251826,129.86911143963286,129.86911143963286,-31.387113884869347,-31.387113884869347,-31.387113884869347,0.6115442314615557,0.6115442314615557,0.6115442314615557,-31.998658116330905,-31.998658116330905,-31.998658116330905,0.0,0.0,0.0,98.48199755476351
12,1950-01-01,132.03946203305497,61.56777431305304,149.11742713031202,132.03946203305497,132.03946203305497,-24.10432984548708,-24.10432984548708,-24.10432984548708,-1.6092890321987885,-1.6092890321987885,-1.6092890321987885,-22.49504081328829,-22.49504081328829,-22.49504081328829,0.0,0.0,0.0,107.93513218756789
13,1950-02-01,134.2098126264771,63.824384906968156,148.27860642164376,134.2098126264771,134.2098126264771,-30.335692489989597,-30.335692489989597,-30.335692489989597,1.0852008461819007,1.0852008461819007,1.0852008461819007,-31.4208933361715,-31.4208933361715,-31.4208933361715,0.0,0.0,0.0,103.87412013648749
14,1950-03-01,136.17012929150354,90.92862771667377,181.16304033491622,136.17012929150354,136.17012929150354,2.989441391177806,2.989441391177806,2.989441391177806,1.0852008461815097,1.0852008461815097,1.0852008461815097,1.9042405449962965,1.9042405449962965,1.9042405449962965,0.0,0.0,0.0,139.15957068268136
15,1950-04-01,138.34047978289456,87.33813182552836,177.060996954629,138.34047978289456,138.34047978289456,-5.152283814912426,-5.152283814912426,-5.152283814912426,1.173553020017721,1.173553020017721,1.173553020017721,-6.325836834930147,-6.325836834930147,-6.325836834930147,0.0,0.0,0.0,133.18819596798213
16,1950-05-01,140.4408189681117,92.8414911707141,177.0276237792717,140.4408189681117,140.4408189681117,-4.909602597738672,-4.909602597738672,-4.909602597738672,-2.2096540320707017,-2.2096540320707017,-2.2096540320707017,-2.699948565667971,-2.699948565667971,-2.699948565667971,0.0,0.0,0.0,135.53121637037302
17,1950-06-01,142.61116945950272,134.88752735223028,221.43594681308034,142.61116945950272,142.61116945950272,33.94001461822072,33.94001461822072,33.94001461822072,0.6115442314635375,0.6115442314635375,0.6115442314635375,33.32847038675719,33.32847038675719,33.32847038675719,0.0,0.0,0.0,176.55118407772343
18,1950-07-01,144.71150864471983,171.79105518700058,261.7903685258344,144.7115086447198,144.7115086447198,71.74985177240944,71.74985177240944,71.74985177240944,1.173553020015873,1.173553020015873,1.173553020015873,70.57629875239355,70.57629875239355,70.57629875239355,0.0,0.0,0.0,216.46136041712927
19,1950-08-01,146.8818591635644,168.11501268871277,259.21035220473806,146.8818591635644,146.8818591635644,63.962331556381976,63.962331556381976,63.962331556381976,-3.812056381683155,-3.812056381683155,-3.812056381683155,67.77438793806513,67.77438793806513,67.77438793806513,0.0,0.0,0.0,210.84419071994637
20,1950-09-01,149.05220968240897,129.28867315163308,213.34840626526105,149.05220968240897,149.05220968240897,21.888961113620148,21.888961113620148,21.888961113620148,4.760701348289282,4.760701348289282,4.760701348289282,17.12825976533087,17.12825976533087,17.12825976533087,0.0,0.0,0.0,170.94117079602913
21,1950-10-01,151.15254889419404,85.55825526941925,168.2364174430997,151.15254889419404,151.15254889419404,-23.67569226922889,-23.67569226922889,-23.67569226922889,-1.6092890321982483,-1.6092890321982483,-1.6092890321982483,-22.066403237030638,-22.066403237030638,-22.066403237030638,0.0,0.0,0.0,127.47685662496515
22,1950-11-01,153.32289941303858,51.05991078029357,144.4858134002338,153.32289941303858,153.32289941303858,-56.06541574086269,-56.06541574086269,-56.06541574086269,1.0852008461799953,1.0852008461799953,1.0852008461799953,-57.150616587042684,-57.150616587042684,-57.150616587042684,0.0,0.0,0.0,97.2574836721759
23,1950-12-01,155.42323862482363,85.59459642883093,175.8011244996656,155.42323862482363,155.42323862482363,-26.313590969507892,-26.313590969507892,-26.313590969507892,4.7607013482895475,4.7607013482895475,4.7607013482895475,-31.074292317797436,-31.074292317797436,-31.074292317797436,0.0,0.0,0.0,129.10964765531574
24,1951-01-01,157.5935893679271,88.86819638316277,172.42445965113987,157.5935893679271,157.5935893679271,-25.758972054981506,-25.758972054981506,-25.758972054981506,-2.2096540320711817,-2.2096540320711817,-2.2096540320711817,-23.549318022910324,-23.549318022910324,-23.549318022910324,0.0,0.0,0.0,131.8346173129456
25,1951-02-01,159.76394011103054,83.48006535840788,174.652632590413,159.76394011103054,159.76394011103054,-32.50770874563097,-32.50770874563097,-32.50770874563097,0.6115442314619302,0.6115442314619302,0.6115442314619302,-33.119252977092906,-33.119252977092906,-33.119252977092906,0.0,0.0,0.0,127.25623136539957
26,1951-03-01,161.724256911253,120.80861372007377,212.49915052968365,161.724256911253,161.724256911253,4.3531890540098965,4.3531890540098965,4.3531890540098965,0.6115442314613669,0.6115442314613669,0.6115442314613669,3.7416448225485306,3.7416448225485306,3.7416448225485306,0.0,0.0,0.0,166.0774459652629
27,1951-04-01,163.89460765435643,111.54808923563552,200.33351480067256,163.89460765435643,163.89460765435643,-8.990747356943842,-8.990747356943842,-8.990747356943842,-1.609289032194182,-1.609289032194182,-1.609289032194182,-7.381458324749661,-7.381458324749661,-7.381458324749661,0.0,0.0,0.0,154.9038602974126
28,1951-05-01,165.99494718763026,114.24120578366843,203.97250330886507,165.99494718763026,165.99494718763026,-5.7825287122444635,-5.7825287122444635,-5.7825287122444635,-3.812056381686571,-3.812056381686571,-3.812056381686571,-1.970472330557893,-1.970472330557893,-1.970472330557893,0.0,0.0,0.0,160.2124184753858
29,1951-06-01,168.1652980386799,162.67680067396182,249.75504928436828,168.1652980386799,168.1652980386799,37.36723797173476,37.36723797173476,37.36723797173476,4.760701348294294,4.760701348294294,4.760701348294294,32.606536623440455,32.606536623440455,32.606536623440455,0.0,0.0,0.0,205.53253601041467
30,1951-07-01,170.2656375719537,197.45739743067807,285.2268393203198,170.2656375719537,170.2656375719537,68.98056101838392,68.98056101838392,68.98056101838392,-1.609289032194928,-1.609289032194928,-1.609289032194928,70.58985005057886,70.58985005057886,70.58985005057886,0.0,0.0,0.0,239.24619859033763
31,1951-08-01,172.43598842300332,196.30306066741477,285.7306786340695,172.43598842300332,172.43598842300332,68.72971160474253,68.72971160474253,68.72971160474253,1.0852008461806073,1.0852008461806073,1.0852008461806073,67.64451075856192,67.64451075856192,67.64451075856192,0.0,0.0,0.0,241.16570002774586
32,1951-09-01,174.60633927405297,147.78802156200663,238.08007501907633,174.60633927405297,174.60633927405297,18.587966900551613,18.587966900551613,18.587966900551613,1.173553020019192,1.173553020019192,1.173553020019192,17.414413880532422,17.414413880532422,17.414413880532422,0.0,0.0,0.0,193.19430617460458
33,1951-10-01,176.70667872397155,110.00474078662229,196.6582392860223,176.70667872397155,176.70667872397155,-24.526001453929013,-24.526001453929013,-24.526001453929013,-2.2096540320725464,-2.2096540320725464,-2.2096540320725464,-22.316347421856467,-22.316347421856467,-22.316347421856467,0.0,0.0,0.0,152.18067727004254
34,1951-11-01,178.87702948888742,80.78177243861407,165.3190773253739,178.87702948888742,178.87702948888742,-55.54663695539975,-55.54663695539975,-55.54663695539975,0.6115442314623313,0.6115442314623313,0.6115442314623313,-56.15818118686208,-56.15818118686208,-56.15818118686208,0.0,0.0,0.0,123.33039253348767
35,1951-12-01,180.977368938806,109.57153004563611,196.16472031403381,180.977368938806,180.977368938806,-29.01339110027193,-29.01339110027193,-29.01339110027193,1.1735530200205058,1.1735530200205058,1.1735530200205058,-30.186944120292438,-30.186944120292438,-30.186944120292438,0.0,0.0,0.0,151.96397783853405
36,1952-01-01,183.14771970372183,111.92814138980728,198.8851624147738,183.14771970372183,183.14771970372183,-28.45401497528237,-28.45401497528237,-28.45401497528237,-3.8120563816844406,-3.8120563816844406,-3.8120563816844406,-24.641958593597927,-24.641958593597927,-24.641958593597927,0.0,0.0,0.0,154.69370472843946
37,1952-02-01,185.31807047150974,113.22127367292924,203.55895376247923,185.31807047150974,185.31807047150974,-30.02121756264893,-30.02121756264893,-30.02121756264893,4.760701348290577,4.760701348290577,4.760701348290577,-34.7819189109395,-34.7819189109395,-34.7819189109395,0.0,0.0,0.0,155.2968529088608
38,1952-03-01,187.34839860911782,142.61046462339198,233.30447142534013,187.34839860911782,187.34839860911782,-0.5921799405653526,-0.5921799405653526,-0.5921799405653526,1.1735530200218205,1.1735530200218205,1.1735530200218205,-1.765732960587173,-1.765732960587173,-1.765732960587173,0.0,0.0,0.0,186.75621866855246
39,1952-04-01,189.51874937690573,137.48877457847533,224.6895937332905,189.51874937690573,189.51874937690573,-8.052343045542832,-8.052343045542832,-8.052343045542832,-3.812056381684923,-3.812056381684923,-3.812056381684923,-4.240286663857908,-4.240286663857908,-4.240286663857908,0.0,0.0,0.0,181.4664063313629
40,1952-05-01,191.61908882960373,146.36933713038272,231.62170217466203,191.61908882960373,191.61908882960373,-3.5287897957795638,-3.5287897957795638,-3.5287897957795638,0.6115442314617415,0.6115442314617415,0.6115442314617415,-4.140334027241305,-4.140334027241305,-4.140334027241305,0.0,0.0,0.0,188.09029903382415
41,1952-06-01,193.78943959739166,183.7882010205398,271.6132687775774,193.78943959739166,193.78943959739166,33.133113433740625,33.133113433740625,33.133113433740625,-1.6092890321995976,-1.6092890321995976,-1.6092890321995976,34.742402465940216,34.742402465940216,34.742402465940216,0.0,0.0,0.0,226.92255303113228
42,1952-07-01,195.8897791866449,219.59315553430253,305.1673923541374,195.8897791866449,195.8897791866449,66.71218100993899,66.71218100993899,66.71218100993899,-3.8120563816854056,-3.8120563816854056,-3.8120563816854056,70.5242373916244,70.5242373916244,70.5242373916244,0.0,0.0,0.0,262.6019601965839
43,1952-08-01,198.06013009554,226.25432597544489,315.74911754113486,198.06013009554,198.06013009554,72.76688911756887,72.76688911756887,72.76688911756887,4.760701348291109,4.760701348291109,4.760701348291109,68.00618776927774,68.00618776927774,68.00618776927774,0.0,0.0,0.0,270.8270192131089
44,1952-09-01,200.23048100443506,173.05428350531653,258.70744944858023,200.23048100443506,200.23048100443506,14.359226547612243,14.359226547612243,14.359226547612243,-2.2096540320729017,-2.2096540320729017,-2.2096540320729017,16.568880579685146,16.568880579685146,16.568880579685146,0.0,0.0,0.0,214.58970755204732
45,1952-10-01,202.33082059368834,139.79102321597261,227.26454609985444,202.33082059368834,202.33082059368834,-20.42133739522038,-20.42133739522038,-20.42133739522038,1.0852008461811782,1.0852008461811782,1.0852008461811782,-21.506538241401557,-21.506538241401557,-21.506538241401557,0.0,0.0,0.0,181.90948319846797
46,1952-11-01,204.50117150258342,100.37709590560092,191.44498139605244,204.50117150258342,204.50117150258342,-57.880186004874446,-57.880186004874446,-57.880186004874446,1.1735530200201298,1.1735530200201298,1.1735530200201298,-59.053739024894575,-59.053739024894575,-59.053739024894575,0.0,0.0,0.0,146.62098549770897
47,1952-12-01,206.60151544898838,128.87235793589545,214.65130902439705,206.60151544898838,206.60151544898838,-35.168459269454715,-35.168459269454715,-35.168459269454715,-2.2096540320738205,-2.2096540320738205,-2.2096540320738205,-32.9588052373809,-32.9588052373809,-32.9588052373809,0.0,0.0,0.0,171.43305617953365
48,1953-01-01,208.77187086027354,146.99144015230505,232.17040456765068,208.77187086027354,208.77187086027354,-20.86898006396527,-20.86898006396527,-20.86898006396527,0.6115442314637053,0.6115442314637053,0.6115442314637053,-21.480524295428978,-21.480524295428978,-21.480524295428978,0.0,0.0,0.0,187.90289079630827
49,1953-02-01,210.94222627155872,133.1707405810306,223.17023047337372,210.94222627155872,210.94222627155872,-31.297921905111714,-31.297921905111714,-31.297921905111714,-1.6092890321948212,-1.6092890321948212,-1.6092890321948212,-29.688632872916894,-29.688632872916894,-29.688632872916894,0.0,0.0,0.0,179.64430436644702
50,1953-03-01,212.9025472882034,164.3413720070232,252.28055384962565,212.9025472882034,212.9025472882034,-1.5414244668988901,-1.5414244668988901,-1.5414244668988901,-1.6092890321962778,-1.6092890321962778,-1.6092890321962778,0.06786456529738787,0.06786456529738787,0.06786456529738787,0.0,0.0,0.0,211.36112282130452
51,1953-04-01,215.072905168612,168.60634995833087,255.27779631797625,215.072905168612,215.072905168612,-4.19340982528733,-4.19340982528733,-4.19340982528733,1.085200846179079,1.085200846179079,1.085200846179079,-5.278610671466409,-5.278610671466409,-5.278610671466409,0.0,0.0,0.0,210.8794953433247
52,1953-05-01,217.17325150449128,173.70119540957626,264.52145148113397,217.17325150449128,217.17325150449128,1.337227293585858,1.337227293585858,1.337227293585858,4.7607013482881335,4.7607013482881335,4.7607013482881335,-3.4234740547022757,-3.4234740547022757,-3.4234740547022757,0.0,0.0,0.0,218.51047879807714
53,1953-06-01,219.34360938489985,204.80572047709927,295.7946232745753,219.34360938489985,219.34360938489985,31.83081689805859,31.83081689805859,31.83081689805859,-2.209654032071355,-2.209654032071355,-2.209654032071355,34.04047093012994,34.04047093012994,34.04047093012994,0.0,0.0,0.0,251.17442628295845
54,1953-07-01,221.44395572077914,249.7778941309597,337.557195671807,221.44395572077914,221.44395572077914,71.63962471996629,71.63962471996629,71.63962471996629,1.0852008461805467,1.0852008461805467,1.0852008461805467,70.55442387378575,70.55442387378575,70.55442387378575,0.0,0.0,0.0,293.08358044074544
55,1953-08-01,223.61431360118772,248.7263127333476,338.426948107192,223.61431360118772,223.61431360118772,69.06865827935671,69.06865827935671,69.06865827935671,1.1735530200296156,1.1735530200296156,1.1735530200296156,67.8951052593271,67.8951052593271,67.8951052593271,0.0,0.0,0.0,292.6829718805444
56,1953-09-01,225.90254690106585,193.9778740296446,282.0912516549351,225.90254690106585,225.90254690106585,13.034498871731145,13.034498871731145,13.034498871731145,-3.8120563816889037,-3.8120563816889037,-3.8120563816889037,16.84655525342005,16.84655525342005,16.84655525342005,0.0,0.0,0.0,238.93704577279698
57,1953-10-01,228.1169662235285,163.48532460297858,250.34138118007976,228.1169662235285,228.1169662235285,-21.1847814155445,-21.1847814155445,-21.1847814155445,0.6115442314615347,0.6115442314615347,0.6115442314615347,-21.79632564700604,-21.79632564700604,-21.79632564700604,0.0,0.0,0.0,206.932184807984
58,1953-11-01,230.40519952340665,129.36999820249346,212.81482054056528,230.40519952340665,230.40519952340665,-59.725518927604746,-59.725518927604746,-59.725518927604746,-1.6092890321972413,-1.6092890321972413,-1.6092890321972413,-58.116229895407514,-58.116229895407514,-58.116229895407514,0.0,0.0,0.0,170.6796805958019
59,1953-12-01,232.6196188458693,152.61729299635394,240.1635328997996,232.6196188458693,232.6196188458693,-35.81071449801806,-35.81071449801806,-35.81071449801806,-3.8120563816910447,-3.8120563816910447,-3.8120563816910447,-31.99865811632701,-31.99865811632701,-31.99865811632701,0.0,0.0,0.0,196.80890434785124
60,1954-01-01,235.0988289689672,173.83753034658295,261.85750044892,235.0988289689672,235.0988289689672,-17.73433946500446,-17.73433946500446,-17.73433946500446,4.7607013482884835,4.7607013482884835,4.7607013482884835,-22.495040813292945,-22.495040813292945,-22.495040813292945,0.0,0.0,0.0,217.36448950396274
61,1954-02-01,237.57803909206518,160.07650922306715,247.0356436849918,237.57803909206518,237.57803909206518,-33.630547368246624,-33.630547368246624,-33.630547368246624,-2.2096540320692717,-2.2096540320692717,-2.2096540320692717,-31.420893336177347,-31.420893336177347,-31.420893336177347,0.0,0.0,0.0,203.94749172381856
62,1954-03-01,239.8173256548633,197.33792709276568,285.2089639230651,239.8173256548633,239.8173256548633,-0.30541348706674437,-0.30541348706674437,-0.30541348706674437,-2.2096540320727196,-2.2096540320727196,-2.2096540320727196,1.9042405450059752,1.9042405450059752,1.9042405450059752,0.0,0.0,0.0,239.51191216779657
63,1954-04-01,242.29653577796125,197.972292671395,282.6962021941187,242.29653577796125,242.29653577796125,-5.714292603471115,-5.714292603471115,-5.714292603471115,0.6115442314635166,0.6115442314635166,0.6115442314635166,-6.3258368349346314,-6.3258368349346314,-6.3258368349346314,0.0,0.0,0.0,236.58224317449015
64,1954-05-01,244.69577138095926,202.98701570521428,283.5890164924731,244.69577138095926,244.69577138095926,-1.5263955456358567,-1.5263955456358567,-1.5263955456358567,1.1735530200272333,1.1735530200272333,1.1735530200272333,-2.6999485656630897,-2.6999485656630897,-2.6999485656630897,0.0,0.0,0.0,243.1693758353234
65,1954-06-01,247.4322853135238,235.2459810369761,321.213379923042,247.4322853135238,247.4322853135238,29.5164140050629,29.5164140050629,29.5164140050629,-3.8120563816893136,-3.8120563816893136,-3.8120563816893136,33.328470386752215,33.328470386752215,33.328470386752215,0.0,0.0,0.0,276.9486993185867
66,1954-07-01,250.0805246031024,275.77593683606233,367.44887857191054,250.0805246031024,250.0805246031024,71.18784298385441,71.18784298385441,71.18784298385441,0.6115442314610432,0.6115442314610432,0.6115442314610432,70.57629875239337,70.57629875239337,70.57629875239337,0.0,0.0,0.0,321.2683675869568
67,1954-08-01,252.81703853566688,275.43767414914095,364.7749748821262,252.81703853566688,252.81703853566688,66.16509890586661,66.16509890586661,66.16509890586661,-1.6092890321967006,-1.6092890321967006,-1.6092890321967006,67.77438793806331,67.77438793806331,67.77438793806331,0.0,0.0,0.0,318.9821374415335
68,1954-09-01,255.55355246823143,231.14311664646706,319.5545992908664,255.55355246823143,255.55355246823143,18.213460611509927,18.213460611509927,18.213460611509927,1.0852008461786014,1.0852008461786014,1.0852008461786014,17.128259765331325,17.128259765331325,17.128259765331325,0.0,0.0,0.0,273.76701307974133
69,1954-10-01,258.43692358382896,194.09041742579694,279.66967507220676,258.43692358382896,258.43692358382896,-17.305701888741776,-17.305701888741776,-17.305701888741776,4.760701348289429,4.760701348289429,4.760701348289429,-22.066403237031203,-22.066403237031203,-22.066403237031203,0.0,0.0,0.0,241.1312216950872
70,1954-11-01,261.4164070699464,160.43587974566623,244.85016860442923,261.4164070699464,261.4164070699464,-59.36027061911016,-59.36027061911016,-59.36027061911016,-2.2096540320728515,-2.2096540320728515,-2.2096540320728515,-57.150616587037305,-57.150616587037305,-57.150616587037305,0.0,0.0,0.0,202.05613645083622
71,1954-12-01,264.2997781855439,191.85430317358998,277.1674877316944,264.2997781855439,264.2997781855439,-29.98909147161527,-29.98909147161527,-29.98909147161527,1.0852008461792195,1.0852008461792195,1.0852008461792195,-31.074292317794495,-31.074292317794495,-31.074292317794495,0.0,0.0,0.0,234.31068671392865
72,1955-01-01,267.27926167166135,202.46858552534798,287.53867956228777,267.27926167166135,267.27926167166135,-22.375765002890855,-22.375765002890855,-22.375765002890855,1.1735530200196091,1.1735530200196091,1.1735530200196091,-23.549318022910462,-23.549318022910462,-23.549318022910462,0.0,0.0,0.0,244.9034966687705
73,1955-02-01,270.2587451577788,188.80061298764647,279.0976065806763,270.2587451577788,270.2587451577788,-36.93130935878124,-36.93130935878124,-36.93130935878124,-3.812056381685215,-3.812056381685215,-3.812056381685215,-33.119252977096025,-33.119252977096025,-33.119252977096025,0.0,0.0,0.0,233.32743579899753
74,1955-03-01,273.07175410252836,230.92747221637595,316.38122694707414,273.07175410252836,273.07175410252836,-0.07041155913955843,-0.07041155913955843,-0.07041155913955843,-3.812056381686408,-3.812056381686408,-3.812056381686408,3.7416448225468497,3.7416448225468497,3.7416448225468497,0.0,0.0,0.0,273.0013425433888
75,1955-04-01,276.1861568627869,228.20217348221703,316.59974884688904,276.1861568627869,276.1861568627869,-2.6207569764588583,-2.6207569764588583,-2.6207569764588583,4.760701348291995,4.760701348291995,4.760701348291995,-7.381458324750853,-7.381458324750853,-7.381458324750853,0.0,0.0,0.0,273.56539988632807
76,1955-05-01,279.20009501787575,231.17992679079987,320.5942111058984,279.20009501787575,279.20009501787575,-3.5797613627528535,-3.5797613627528535,-3.5797613627528535,-1.6092890321961595,-1.6092890321961595,-1.6092890321961595,-1.9704723305566942,-1.9704723305566942,-1.9704723305566942,0.0,0.0,0.0,275.6203336551229
77,1955-06-01,282.31449777813424,271.7450701685587,364.80396073944473,282.31449777813424,282.31449777813424,33.69173746962003,33.69173746962003,33.69173746962003,1.0852008461813059,1.0852008461813059,1.0852008461813059,32.60653662343872,32.60653662343872,32.60653662343872,0.0,0.0,0.0,316.00623524775426
78,1955-07-01,285.3284359332231,317.48236878186435,403.30896044411975,285.3284359332231,285.3284359332231,75.35055139886902,75.35055139886902,75.35055139886902,4.760701348290374,4.760701348290374,4.760701348290374,70.58985005057863,70.58985005057863,70.58985005057863,0.0,0.0,0.0,360.6789873320921
79,1955-08-01,288.44284427561604,311.92895430861967,399.93772048106587,288.44284427561604,288.44284427561604,65.43485672648555,65.43485672648555,65.43485672648555,-2.209654032074564,-2.209654032074564,-2.209654032074564,67.64451075856012,67.64451075856012,67.64451075856012,0.0,0.0,0.0,353.8777010021016
80,1955-09-01,291.55725261800904,267.9315610956793,355.8184014594203,291.55725261800904,291.55725261800904,18.02595811199893,18.02595811199893,18.02595811199893,0.6115442314639892,0.6115442314639892,0.6115442314639892,17.414413880534937,17.414413880534937,17.414413880534937,0.0,0.0,0.0,309.583210730008
81,1955-10-01,294.57119617516355,229.73922198655444,313.9899698910707,294.57119617516355,294.57119617516355,-21.142794401837296,-21.142794401837296,-21.142794401837296,1.1735530200199986,1.1735530200199986,1.1735530200199986,-22.31634742185729,-22.31634742185729,-22.31634742185729,0.0,0.0,0.0,273.42840177332624
82,1955-11-01,297.6856045175565,191.63174479802112,278.2252862931666,297.6856045175565,297.6856045175565,-59.970237568546764,-59.970237568546764,-59.970237568546764,-3.812056381685626,-3.812056381685626,-3.812056381685626,-56.15818118686114,-56.15818118686114,-56.15818118686114,0.0,0.0,0.0,237.71536694900973
83,1955-12-01,300.69957215681865,226.2132551592356,317.99106170457907,300.69957215681865,300.69957215681865,-29.575399888830358,-29.575399888830358,-29.575399888830358,0.6115442314624087,0.6115442314624087,0.6115442314624087,-30.186944120292768,-30.186944120292768,-30.186944120292768,0.0,0.0,0.0,271.1241722679883
84,1956-01-01,303.8140053840561,234.03645719712864,321.1605044285177,303.8140053840561,303.8140053840561,-26.251247625795056,-26.251247625795056,-26.251247625795056,-1.6092890321969417,-1.6092890321969417,-1.6092890321969417,-24.641958593598115,-24.641958593598115,-24.641958593598115,0.0,0.0,0.0,277.56275775826106
85,1956-02-01,306.92843861129364,229.77872818417563,316.56925550933136,306.92843861129364,306.92843861129364,-33.69671806476107,-33.69671806476107,-33.69671806476107,1.0852008461797913,1.0852008461797913,1.0852008461797913,-34.78191891094087,-34.78191891094087,-34.78191891094087,0.0,0.0,0.0,273.2317205465326
86,1956-03-01,309.84194066258027,266.9007631454927,351.42046073197673,309.84194066258027,309.84194066258027,-1.1541887291210722,-1.1541887291210722,-1.1541887291210722,0.6115442314633992,0.6115442314633992,0.6115442314633992,-1.7657329605844714,-1.7657329605844714,-1.7657329605844714,0.0,0.0,0.0,308.6877519334592
87,1956-04-01,312.9563738898178,262.62707670025947,350.3404305466938,312.9563738898178,312.9563738898178,-5.849575696054733,-5.849575696054733,-5.849575696054733,-1.6092890321947277,-1.6092890321947277,-1.6092890321947277,-4.240286663860006,-4.240286663860006,-4.240286663860006,0.0,0.0,0.0,307.1067981937631
88,1956-05-01,315.9703417076524,266.172940333088,347.626920334028,315.9703417076524,315.9703417076524,-7.952390408930174,-7.952390408930174,-7.952390408930174,-3.8120563816852426,-3.8120563816852426,-3.8120563816852426,-4.14033402724493,-4.14033402724493,-4.14033402724493,0.0,0.0,0.0,308.0179512987222
89,1956-06-01,319.08477511941476,310.1638087842058,400.2713675724458,319.08477511941476,319.08477511941476,39.503103814234095,39.503103814234095,39.503103814234095,4.76070134829099,4.76070134829099,4.76070134829099,34.7424024659431,34.7424024659431,34.7424024659431,0.0,0.0,0.0,358.5878789336489
90,1956-07-01,322.0987429372493,348.46318232418616,439.69948988827014,322.0987429372493,322.0987429372493,68.91494835943098,68.91494835943098,68.91494835943098,-1.6092890321956548,-1.6092890321956548,-1.6092890321956548,70.52423739162664,70.52423739162664,70.52423739162664,0.0,0.0,0.0,391.0136912966803
91,1956-08-01,325.2131763490117,351.4342848134223,435.8562845640155,325.2131763490117,325.2131763490117,69.09138861545789,69.09138861545789,69.09138861545789,1.0852008461797842,1.0852008461797842,1.0852008461797842,68.0061877692781,68.0061877692781,68.0061877692781,0.0,0.0,0.0,394.3045649644696
92,1956-09-01,328.3276097500308,303.9037653698298,389.8459556783709,328.3276097500308,328.3276097500308,17.742433599703126,17.742433599703126,17.742433599703126,1.173553020019622,1.173553020019622,1.173553020019622,16.5688805796835,16.5688805796835,16.5688805796835,0.0,0.0,0.0,346.0700433497339
93,1956-10-01,331.34157755746855,264.8352035226312,350.8786064918407,331.34157755746855,331.34157755746855,-23.716192273473816,-23.716192273473816,-23.716192273473816,-2.2096540320732756,-2.2096540320732756,-2.2096540320732756,-21.50653824140054,-21.50653824140054,-21.50653824140054,0.0,0.0,0.0,307.6253852839947
94,1956-11-01,334.4560109584876,227.9542325065078,317.65183000803023,334.4560109584876,334.4560109584876,-58.44219479343205,-58.44219479343205,-58.44219479343205,0.6115442314617923,0.6115442314617923,0.6115442314617923,-59.05373902489385,-59.05373902489385,-59.05373902489385,0.0,0.0,0.0,276.0138161650555
95,1956-12-01,337.4699787659254,266.99229430796777,352.24582865318797,337.4699787659254,337.4699787659254,-31.785252217355485,-31.785252217355485,-31.785252217355485,1.1735530200237083,1.1735530200237083,1.1735530200237083,-32.95880523737919,-32.95880523737919,-32.95880523737919,0.0,0.0,0.0,305.6847265485699
96,1957-01-01,340.58441216694445,272.9290647377741,355.4368328296704,340.58441216694445,340.58441216694445,-25.292580677114646,-25.292580677114646,-25.292580677114646,-3.812056381685808,-3.812056381685808,-3.812056381685808,-21.480524295428836,-21.480524295428836,-21.480524295428836,0.0,0.0,0.0,315.2918314898298
97,1957-02-01,343.69884567730355,274.18196858803844,361.65951307700175,343.69884567730355,343.69884567730355,-24.92793152462184,-24.92793152462184,-24.92793152462184,4.760701348291194,4.760701348291194,4.760701348291194,-29.688632872913036,-29.688632872913036,-29.688632872913036,0.0,0.0,0.0,318.7709141526817
98,1957-03-01,346.51188239633746,306.3024758829938,399.13639297277757,346.51188239633746,346.51188239633746,4.828565913584974,4.828565913584974,4.828565913584974,4.760701348291935,4.760701348291935,4.760701348291935,0.0678645652930395,0.0678645652930395,0.0678645652930395,0.0,0.0,0.0,351.3404483099224
99,1957-04-01,349.62631590669656,297.70100375362995,387.3029364973856,349.62631590669656,349.62631590669656,-7.488264703534076,-7.488264703534076,-7.488264703534076,-2.2096540320740687,-2.2096540320740687,-2.2096540320740687,-5.278610671460007,-5.278610671460007,-5.278610671460007,0.0,0.0,0.0,342.1380512031625
100,1957-05-01,352.6402838199473,308.4291122839722,394.55182379774794,352.6402838199473,352.6402838199473,-2.3382732085259472,-2.3382732085259472,-2.3382732085259472,1.0852008461808211,1.0852008461808211,1.0852008461808211,-3.4234740547067686,-3.4234740547067686,-3.4234740547067686,0.0,0.0,0.0,350.30201061142134
101,1957-06-01,355.75471728181105,346.81704211690027,434.82289004068394,355.75471728181105,355.75471728181105,35.214023950153354,35.214023950153354,35.214023950153354,1.173553020023174,1.173553020023174,1.173553020023174,34.040470930130176,34.040470930130176,34.040470930130176,0.0,0.0,0.0,390.96874123196443
102,1957-07-01,358.7686851481309,382.3504781922651,472.5365187619225,358.7686851481309,358.7686851481309,68.34476984171462,68.34476984171462,68.34476984171462,-2.209654032072076,-2.209654032072076,-2.209654032072076,70.55442387378669,70.55442387378669,70.55442387378669,0.0,0.0,0.0,427.11345498984554
103,1957-08-01,361.88311860999477,388.7194944914532,476.3603332045413,361.88311860999477,361.88311860999477,68.50664949079058,68.50664949079058,68.50664949079058,0.611544231463086,0.611544231463086,0.611544231463086,67.89510525932748,67.89510525932748,67.89510525932748,0.0,0.0,0.0,430.3897681007853
104,1957-09-01,364.9975520718586,336.5685381254558,428.1316719390134,364.9975520718586,364.9975520718586,15.237266221219551,15.237266221219551,15.237266221219551,-1.6092890321981104,-1.6092890321981104,-1.6092890321981104,16.846555253417662,16.846555253417662,16.846555253417662,0.0,0.0,0.0,380.23481829307815
105,1957-10-01,368.01151993817854,297.2463439131466,388.53552425397453,368.01151993817854,368.01151993817854,-25.608382028688947,-25.608382028688947,-25.608382028688947,-3.8120563816855437,-3.8120563816855437,-3.8120563816855437,-21.796325647003407,-21.796325647003407,-21.796325647003407,0.0,0.0,0.0,342.4031379094896
106,1957-11-01,371.12595379557405,274.15001613295067,362.1248778781553,371.12595379557405,371.12595379557405,-53.35552854711961,-53.35552854711961,-53.35552854711961,4.760701348290178,4.760701348290178,4.760701348290178,-58.11622989540979,-58.11622989540979,-58.11622989540979,0.0,0.0,0.0,317.77042524845444
107,1957-12-01,374.13992204466655,294.08257069305716,384.81740172033363,374.13992204466655,374.13992204466655,-33.607947148524445,-33.607947148524445,-33.607947148524445,-1.6092890321945068,-1.6092890321945068,-1.6092890321945068,-31.99865811632994,-31.99865811632994,-31.99865811632994,0.0,0.0,0.0,340.5319748961421
108,1958-01-01,377.2543559020621,314.1919953614134,399.49443552433434,377.2543559020621,377.2543559020621,-21.409839967108578,-21.409839967108578,-21.409839967108578,1.085200846180565,1.085200846180565,1.085200846180565,-22.495040813289148,-22.495040813289148,-22.495040813289148,0.0,0.0,0.0,355.84451593495356
109,1958-02-01,380.3687897594577,307.5165373271277,393.9500738178558,380.3687897594577,380.3687897594577,-30.247340316148442,-30.247340316148442,-30.247340316148442,1.1735530200230653,1.1735530200230653,1.1735530200230653,-31.42089333617151,-31.42089333617151,-31.42089333617151,0.0,0.0,0.0,350.12144944330925
110,1958-03-01,383.1818270364308,344.8690646524183,430.70610556704673,383.1818270364308,383.1818270364308,3.077793565022814,3.077793565022814,3.077793565022814,1.173553020020792,1.173553020020792,1.173553020020792,1.9042405450020217,1.9042405450020217,1.9042405450020217,0.0,0.0,0.0,386.2596206014536
111,1958-04-01,386.29626116450817,331.4332410007955,417.5246033164742,386.29626116450817,386.29626116450817,-10.137893216616671,-10.137893216616671,-10.137893216616671,-3.812056381685162,-3.812056381685162,-3.812056381685162,-6.325836834931511,-6.325836834931511,-6.325836834931511,0.0,0.0,0.0,376.1583679478915
112,1958-05-01,389.3102296755508,344.3895784927804,430.62599516255375,389.3102296755508,389.3102296755508,-2.08840433420263,-2.08840433420263,-2.08840433420263,0.6115442314622013,0.6115442314622013,0.6115442314622013,-2.6999485656648314,-2.6999485656648314,-2.6999485656648314,0.0,0.0,0.0,387.22182534134816
113,1958-06-01,392.42466380362816,379.99026960543966,470.4168902657718,392.42466380362816,392.42466380362816,31.71918135456232,31.71918135456232,31.71918135456232,-1.6092890321946096,-1.6092890321946096,-1.6092890321946096,33.32847038675693,33.32847038675693,33.32847038675693,0.0,0.0,0.0,424.14384515819046
114,1958-07-01,395.43863231467077,419.86160563232283,506.95526869588076,395.43863231467077,395.43863231467077,66.76424237070822,66.76424237070822,66.76424237070822,-3.8120563816856436,-3.8120563816856436,-3.8120563816856436,70.57629875239387,70.57629875239387,70.57629875239387,0.0,0.0,0.0,462.202874685379
115,1958-08-01,398.55314556386116,426.57722131709056,514.4153351654616,398.55314556386116,398.55314556386116,72.5350892863544,72.5350892863544,72.5350892863544,4.760701348291122,4.760701348291122,4.760701348291122,67.77438793806328,67.77438793806328,67.77438793806328,0.0,0.0,0.0,471.0882348502156
116,1958-09-01,401.66765881305156,373.4553599289985,456.2069329572269,401.66765881305156,401.66765881305156,14.918605733252601,14.918605733252601,14.918605733252601,-2.2096540320731766,-2.2096540320731766,-2.2096540320731766,17.12825976532578,17.12825976532578,17.12825976532578,0.0,0.0,0.0,416.58626454630416
117,1958-10-01,404.6817038929132,339.670735455289,427.9601616968918,404.6817038929132,404.6817038929132,-20.98120239085069,-20.98120239085069,-20.98120239085069,1.085200846181177,1.085200846181177,1.085200846181177,-22.066403237031867,-22.066403237031867,-22.066403237031867,0.0,0.0,0.0,383.70050150206254
118,1958-11-01,407.79621714210367,307.21542575606605,395.46128206755833,407.79621714210367,407.79621714210367,-55.97706356702161,-55.97706356702161,-55.97706356702161,1.173553020020683,1.173553020020683,1.173553020020683,-57.15061658704229,-57.15061658704229,-57.15061658704229,0.0,0.0,0.0,351.81915357508205
119,1958-12-01,410.81026222196533,335.42004151322203,419.88222544974604,410.81026222196533,410.81026222196533,-33.2839463498677,-33.2839463498677,-33.2839463498677,-2.2096540320733995,-2.2096540320733995,-2.2096540320733995,-31.0742923177943,-31.0742923177943,-31.0742923177943,0.0,0.0,0.0,377.52631587209765
120,1959-01-01,413.92477547115567,347.41223342263584,434.2015917841651,413.92477547115567,413.92477547115567,-22.937773791446293,-22.937773791446293,-22.937773791446293,0.6115442314618796,0.6115442314618796,0.6115442314618796,-23.54931802290817,-23.54931802290817,-23.54931802290817,0.0,0.0,0.0,390.98700167970935
121,1959-02-01,417.0392887203461,342.30732341367485,424.6039190356473,417.0392887203461,417.0392887203461,-34.728542009292916,-34.728542009292916,-34.728542009292916,-1.6092890321985334,-1.6092890321985334,-1.6092890321985334,-33.119252977094376,-33.119252977094376,-33.119252977094376,0.0,0.0,0.0,382.3107467110532
122,1959-03-01,419.8523974615503,377.77727636805463,461.8805805499001,419.8523974615503,419.8523974615503,2.1323557903516956,2.1323557903516956,2.1323557903516956,-1.6092890321956397,-1.6092890321956397,-1.6092890321956397,3.741644822547335,3.741644822547335,3.741644822547335,0.0,0.0,0.0,421.984753251902
123,1959-04-01,422.96691071074076,376.2082272662258,460.83750318540797,422.96691071074076,422.96691071074076,-6.2962574785704355,-6.2962574785704355,-6.2962574785704355,1.0852008461807459,1.0852008461807459,1.0852008461807459,-7.381458324751182,-7.381458324751182,-7.381458324751182,0.0,0.0,0.0,416.6706532321703
124,1959-05-01,425.9809557906024,382.2165226159654,469.9030808318495,425.9809557906024,425.9809557906024,2.790229017734794,2.790229017734794,2.790229017734794,4.760701348292215,4.760701348292215,4.760701348292215,-1.9704723305574203,-1.9704723305574203,-1.9704723305574203,0.0,0.0,0.0,428.77118480833724
125,1959-06-01,429.0954690397928,414.15958098061367,504.76288633068225,429.0954690397928,429.0954690397928,30.39688259136536,30.39688259136536,30.39688259136536,-2.209654032074193,-2.209654032074193,-2.209654032074193,32.60653662343956,32.60653662343956,32.60653662343956,0.0,0.0,0.0,459.49235163115816
126,1959-07-01,432.1095141196545,459.07507486133034,546.8493495323706,432.1095141196545,432.1095141196545,71.6750508967612,71.6750508967612,71.6750508967612,1.0852008461809548,1.0852008461809548,1.0852008461809548,70.58985005058025,70.58985005058025,70.58985005058025,0.0,0.0,0.0,503.7845650164157
127,1959-08-01,435.2240273688449,462.47483657760745,546.6041103613662,435.2240273688449,435.2240273688449,68.81806377858342,68.81806377858342,68.81806377858342,1.1735530200226532,1.1735530200226532,1.1735530200226532,67.64451075856077,67.64451075856077,67.64451075856077,0.0,0.0,0.0,504.0420911474283
128,1959-09-01,438.33854061803527,406.9750341407332,494.17703550534065,438.33854061803527,438.33854061803527,13.602357498851411,13.602357498851411,13.602357498851411,-3.8120563816844775,-3.8120563816844775,-3.8120563816844775,17.41441388053589,17.41441388053589,17.41441388053589,0.0,0.0,0.0,451.9408981168867
129,1959-10-01,441.3525856978969,378.34915899797977,462.10221519103425,441.3525856978969,441.3525856978969,-21.704803190398806,-21.704803190398806,-21.704803190398806,0.6115442314618881,0.6115442314618881,0.6115442314618881,-22.31634742186069,-22.31634742186069,-22.31634742186069,0.0,0.0,0.0,419.6477825074981
130,1959-11-01,444.4670989470873,341.82928874727645,435.54629679752753,444.4670989470873,444.4670989470873,-57.767470219059206,-57.767470219059206,-57.767470219059206,-1.6092890321979922,-1.6092890321979922,-1.6092890321979922,-56.15818118686122,-56.15818118686122,-56.15818118686122,0.0,0.0,0.0,386.69962872802813
131,1959-12-01,447.481144026949,370.1602339502089,463.27052243482746,447.481144026949,447.481144026949,-33.999000501977584,-33.999000501977584,-33.999000501977584,-3.812056381685945,-3.812056381685945,-3.812056381685945,-30.186944120291642,-30.186944120291642,-30.186944120291642,0.0,0.0,0.0,413.4821435249714
132,1960-01-01,450.5956572761394,388.2448321611355,477.049780699041,450.5956572761394,450.5956572761394,-19.881257245307705,-19.881257245307705,-19.881257245307705,4.760701348290384,4.760701348290384,4.760701348290384,-24.641958593598094,-24.641958593598094,-24.641958593598094,0.0,0.0,0.0,430.71440003083165
133,1960-02-01,453.7101705253299,373.0775032892185,461.6497346868628,453.7101705253299,453.7101705253299,-36.99157294301492,-36.99157294301492,-36.99157294301492,-2.2096540320746736,-2.2096540320746736,-2.2096540320746736,-34.78191891094025,-34.78191891094025,-34.78191891094025,0.0,0.0,0.0,416.71859758231494
134,1960-03-01,456.62374743586275,406.38172232505843,497.36285117337485,456.62374743586275,456.62374743586275,-5.577789342270071,-5.577789342270071,-5.577789342270071,-3.8120563816850797,-3.8120563816850797,-3.8120563816850797,-1.7657329605849914,-1.7657329605849914,-1.7657329605849914,0.0,0.0,0.0,451.0459580935927
135,1960-04-01,459.73826068505315,415.55385029122186,503.8889565149629,459.73826068505315,459.73826068505315,0.5204146844345016,0.5204146844345016,0.5204146844345016,4.760701348292757,4.760701348292757,4.760701348292757,-4.240286663858256,-4.240286663858256,-4.240286663858256,0.0,0.0,0.0,460.25867536948766
136,1960-05-01,462.7523057649148,417.7282387262061,499.32408786417113,462.7523057649148,462.7523057649148,-5.749623059440465,-5.749623059440465,-5.749623059440465,-1.609289032198095,-1.609289032198095,-1.609289032198095,-4.14033402724237,-4.14033402724237,-4.14033402724237,0.0,0.0,0.0,457.00268270547434
137,1960-06-01,465.8668190141053,456.61409314706947,544.2632045589652,465.8668190141053,465.8668190141053,35.827603312125596,35.827603312125596,35.827603312125596,1.0852008461813167,1.0852008461813167,1.0852008461813167,34.742402465944274,34.742402465944274,34.742402465944274,0.0,0.0,0.0,501.6944223262309
138,1960-07-01,468.880864093967,501.38082641160867,589.1675245876147,468.880864093967,468.880864093967,75.28493873991492,75.28493873991492,75.28493873991492,4.7607013482911364,4.7607013482911364,4.7607013482911364,70.52423739162379,70.52423739162379,70.52423739162379,0.0,0.0,0.0,544.1658028338819
139,1960-08-01,471.99537734315726,491.3979396502933,583.4300103413647,471.99537734315726,471.99537734315726,65.79653373720498,65.79653373720498,65.79653373720498,-2.209654032072904,-2.209654032072904,-2.209654032072904,68.00618776927789,68.00618776927789,68.00618776927789,0.0,0.0,0.0,537.7919110803623
140,1960-09-01,475.10989059234777,452.46626021729793,536.0720417676742,475.10989059234777,475.10989059234777,17.180424811148107,17.180424811148107,17.180424811148107,0.6115442314612713,0.6115442314612713,0.6115442314612713,16.568880579686834,16.568880579686834,16.568880579686834,0.0,0.0,0.0,492.29031540349587
141,1960-10-01,478.1239356722094,414.8789620723335,500.5993808808699,478.1239356722094,478.1239356722094,-20.33298522137693,-20.33298522137693,-20.33298522137693,1.1735530200232005,1.1735530200232005,1.1735530200232005,-21.50653824140013,-21.50653824140013,-21.50653824140013,0.0,0.0,0.0,457.7909504508325
142,1960-11-01,481.2384489213998,374.6328191374752,464.90966633721507,481.2384489213998,481.2384489213998,-62.86579540658087,-62.86579540658087,-62.86579540658087,-3.812056381685645,-3.812056381685645,-3.812056381685645,-59.05373902489523,-59.05373902489523,-59.05373902489523,0.0,0.0,0.0,418.3726535148189
143,1960-12-01,484.2524940012615,404.5811135508499,496.6194304961278,484.2524940012615,484.2524940012615,-32.34726100591693,-32.34726100591693,-32.34726100591693,0.6115442314622624,0.6115442314622624,0.6115442314622624,-32.958805237379195,-32.958805237379195,-32.958805237379195,0.0,0.0,0.0,451.90523299534453
144,1961-01-01,487.3670072504519,418.75345232229085,511.06842904994255,487.34897433007285,487.3926353527302,-23.089813327623975,-23.089813327623975,-23.089813327623975,-1.6092890321960978,-1.6092890321960978,-1.6092890321960978,-21.480524295427873,-21.480524295427873,-21.480524295427873,0.0,0.0,0.0,464.2771939228279
145,1961-02-01,490.4815204996422,419.47712299910256,508.3851011578873,490.4167822265246,490.550940428132,-28.60343202673307,-28.60343202673307,-28.60343202673307,1.0852008461802272,1.0852008461802272,1.0852008461802272,-29.6886328729133,-29.6886328729133,-29.6886328729133,0.0,0.0,0.0,461.87808847290916
146,1961-03-01,493.2946292408465,450.1634031611413,534.6171977603188,493.1747472830225,493.42972336408474,1.153065411472656,1.153065411472656,1.153065411472656,1.0852008461798366,1.0852008461798366,1.0852008461798366,0.0678645652928194,0.0678645652928194,0.0678645652928194,0.0,0.0,0.0,494.44769465231917
147,1961-04-01,496.4091424900369,449.7194237308519,537.6627087651553,496.2013448644287,496.61299072922185,-4.105057651438415,-4.105057651438415,-4.105057651438415,1.1735530200210853,1.1735530200210853,1.1735530200210853,-5.2786106714595,-5.2786106714595,-5.2786106714595,0.0,0.0,0.0,492.3040848385985
148,1961-05-01,499.4231875698986,452.3546927809791,541.6164549067715,499.1258861456588,499.72403638822374,-5.633128086780395,-5.633128086780395,-5.633128086780395,-2.2096540320740945,-2.2096540320740945,-2.2096540320740945,-3.4234740547063,-3.4234740547063,-3.4234740547063,0.0,0.0,0.0,493.79005948311817
149,1961-06-01,502.53770081908897,491.57979821296374,583.2828882561716,502.1150000769044,502.9388592948105,34.65201516158994,34.65201516158994,34.65201516158994,0.6115442314625651,0.6115442314625651,0.6115442314625651,34.04047093012737,34.04047093012737,34.04047093012737,0.0,0.0,0.0,537.1897159806789
150,1961-07-01,505.5517458989507,530.6698285710607,619.1426825296791,505.02532812195665,506.04999616907156,71.72797689381098,71.72797689381098,71.72797689381098,1.1735530200267525,1.1735530200267525,1.1735530200267525,70.55442387378422,70.55442387378422,70.55442387378422,0.0,0.0,0.0,577.2797227927616
151,1961-08-01,508.6662591481411,527.7433416768367,617.4239057855672,508.0342898356931,509.2619105237434,64.08304887764054,64.08304887764054,64.08304887764054,-3.812056381686729,-3.812056381686729,-3.812056381686729,67.89510525932725,67.89510525932725,67.89510525932725,0.0,0.0,0.0,572.7493080257816
152,1961-09-01,511.7807723973314,489.01875763509184,577.2447496499082,511.02358345536516,512.4966373102822,21.607256601708542,21.607256601708542,21.607256601708542,4.760701348290059,4.760701348290059,4.760701348290059,16.846555253418483,16.846555253418483,16.846555253418483,0.0,0.0,0.0,533.38802899904
153,1961-10-01,514.7948174771931,450.70505214940863,535.0708604914062,513.9052307426232,515.6559322917485,-23.405614679203406,-23.405614679203406,-23.405614679203406,-1.609289032198608,-1.609289032198608,-1.609289032198608,-21.7963256470048,-21.7963256470048,-21.7963256470048,0.0,0.0,0.0,491.3892027979897
154,1961-11-01,517.9093307263835,417.31039958521677,504.0356615641466,516.8737731583761,518.9038686895377,-57.03102904922755,-57.03102904922755,-57.03102904922755,1.085200846180005,1.085200846180005,1.085200846180005,-58.11622989540756,-58.11622989540756,-58.11622989540756,0.0,0.0,0.0,460.87830167715595
155,1961-12-01,520.9233758062452,449.38273213806104,538.42804456938,519.7622228093139,522.0541546777496,-27.23795676803899,-27.23795676803899,-27.23795676803899,4.7607013482903255,4.7607013482903255,4.7607013482903255,-31.998658116329313,-31.998658116329313,-31.998658116329313,0.0,0.0,0.0,493.6854190382062
156,1962-01-01,524.0378890554356,457.45707002268773,541.4677531780424,522.7439948427681,525.3306202664365,-24.704694845363264,-24.704694845363264,-24.704694845363264,-2.209654032071838,-2.209654032071838,-2.209654032071838,-22.495040813291425,-22.495040813291425,-22.495040813291425,0.0,0.0,0.0,499.3331942100723
157,1962-02-01,527.152402304626,450.4525515859414,539.6441845361791,525.6804484878897,528.5999889545134,-30.809349104713768,-30.809349104713768,-30.809349104713768,0.6115442314614044,0.6115442314614044,0.6115442314614044,-31.420893336175176,-31.420893336175176,-31.420893336175176,0.0,0.0,0.0,496.3430531999122
158,1962-03-01,529.9655110458301,487.52546695404476,578.1503999982343,528.3532908327112,531.5373126227587,2.515784776465366,2.515784776465366,2.515784776465366,0.6115442314612876,0.6115442314612876,0.6115442314612876,1.9042405450040782,1.9042405450040782,1.9042405450040782,0.0,0.0,0.0,532.4812958222955
159,1962-04-01,533.0800242950205,479.5574958141225,570.137720628315,531.303879961203,534.8300104128984,-7.9351258671321805,-7.9351258671321805,-7.9351258671321805,-1.6092890321988014,-1.6092890321988014,-1.6092890321988014,-6.325836834933379,-6.325836834933379,-6.325836834933379,0.0,0.0,0.0,525.1448984278883
160,1962-05-01,536.0940693748822,489.45895974728506,572.777208128502,534.1514805355808,538.0225916594645,-6.5120049473525015,-6.5120049473525015,-6.5120049473525015,-3.812056381687813,-3.812056381687813,-3.812056381687813,-2.699948565664689,-2.699948565664689,-2.699948565664689,0.0,0.0,0.0,529.5820644275298
161,1962-06-01,539.2085826240727,535.8863102515803,624.6764769105968,537.088591211545,541.333534040032,38.08917173504345,38.08917173504345,38.08917173504345,4.760701348289987,4.760701348289987,4.760701348289987,33.32847038675346,33.32847038675346,33.32847038675346,0.0,0.0,0.0,577.2977543591162
162,1962-07-01,542.2226277039343,563.3166337783526,656.698311804939,539.925057637858,544.5474452876067,68.96700972019639,68.96700972019639,68.96700972019639,-1.6092890321980677,-1.6092890321980677,-1.6092890321980677,70.57629875239445,70.57629875239445,70.57629875239445,0.0,0.0,0.0,611.1896374241308
163,1962-08-01,545.3371409531247,570.9365378744958,659.063908181278,542.8598252818266,547.9042393467804,68.85958878424509,68.85958878424509,68.85958878424509,1.085200846180617,1.085200846180617,1.085200846180617,67.77438793806446,67.77438793806446,67.77438793806446,0.0,0.0,0.0,614.1967297373699
164,1962-09-01,548.4516542023151,522.8029586167966,611.1890890173856,545.7870048732284,551.2308942748638,18.301812785349192,18.301812785349192,18.301812785349192,1.1735530200215607,1.1735530200215607,1.1735530200215607,17.12825976532763,17.12825976532763,17.12825976532763,0.0,0.0,0.0,566.7534669876643
165,1962-10-01,551.4656992821768,488.4028632961803,569.316882370955,548.6329012608625,554.4060689866117,-24.276057269104015,-24.276057269104015,-24.276057269104015,-2.2096540320732023,-2.2096540320732023,-2.2096540320732023,-22.066403237030812,-22.066403237030812,-22.066403237030812,0.0,0.0,0.0,527.1896420130728
166,1962-11-01,554.5802125313672,453.22484731348663,541.9154307369535,551.5699889234963,557.7007608924881,-56.53907235557781,-56.53907235557781,-56.53907235557781,0.6115442314630911,0.6115442314630911,0.6115442314630911,-57.1506165870409,-57.1506165870409,-57.1506165870409,0.0,0.0,0.0,498.04114017578945
167,1962-12-01,557.594257611229,484.8362147030739,571.0128371890341,554.4283310669715,560.9790029636148,-29.900739297773193,-29.900739297773193,-29.900739297773193,1.173553020021294,1.173553020021294,1.173553020021294,-31.074292317794487,-31.074292317794487,-31.074292317794487,0.0,0.0,0.0,527.6935183134558
168,1963-01-01,560.7087708604192,486.64648019104015,579.9652107000253,557.330176123699,564.3372021283365,-27.36137440459442,-27.36137440459442,-27.36137440459442,-3.812056381686201,-3.812056381686201,-3.812056381686201,-23.54931802290822,-23.54931802290822,-23.54931802290822,0.0,0.0,0.0,533.3473964558248
169,1963-02-01,563.8232841096096,491.6140699268759,582.6088883924564,560.2571016555601,567.6665154527556,-28.358551628804303,-28.358551628804303,-28.358551628804303,4.7607013482912075,4.7607013482912075,4.7607013482912075,-33.119252977095506,-33.119252977095506,-33.119252977095506,0.0,0.0,0.0,535.4647324808053
170,1963-03-01,566.636392850814,531.5252619028203,618.5554377207973,562.8566823039677,570.6708853066326,8.502346170839994,8.502346170839994,8.502346170839994,4.760701348291948,4.760701348291948,4.760701348291948,3.741644822548045,3.741644822548045,3.741644822548045,0.0,0.0,0.0,575.138739021654
171,1963-04-01,569.7509061000044,516.5087536798156,600.1323748890698,565.8023993104713,573.9836367073266,-9.5911123568255,-9.5911123568255,-9.5911123568255,-2.209654032073996,-2.209654032073996,-2.209654032073996,-7.381458324751504,-7.381458324751504,-7.381458324751504,0.0,0.0,0.0,560.1597937431789
172,1963-05-01,572.764951179866,528.6650781623033,615.8965790594069,568.5068951765495,577.2090790642596,-0.8852714843766659,-0.8852714843766659,-0.8852714843766659,1.0852008461801825,1.0852008461801825,1.0852008461801825,-1.9704723305568486,-1.9704723305568486,-1.9704723305568486,0.0,0.0,0.0,571.8796796954894
173,1963-06-01,575.8794644290564,565.9949496677928,654.5859782064102,571.345944237252,580.5792865149201,33.780089643459156,33.780089643459156,33.780089643459156,1.1735530200207605,1.1735530200207605,1.1735530200207605,32.606536623438394,32.606536623438394,32.606536623438394,0.0,0.0,0.0,609.6595540725156
174,1963-07-01,578.8935095089181,604.4095208266382,693.5098503907631,574.1611269742112,583.7780898620096,68.38019601850694,68.38019601850694,68.38019601850694,-2.209654032073111,-2.209654032073111,-2.209654032073111,70.58985005058005,70.58985005058005,70.58985005058005,0.0,0.0,0.0,647.273705527425
175,1963-08-01,582.0080227581085,601.9531670220658,695.8436016561835,577.0743478782567,587.1227735268614,68.25605499002302,68.25605499002302,68.25605499002302,0.6115442314626528,0.6115442314626528,0.6115442314626528,67.64451075856037,67.64451075856037,67.64451075856037,0.0,0.0,0.0,650.2640777481315
176,1963-09-01,585.1225360072989,555.871722605251,644.618150116682,579.9161343710965,590.4934009522456,15.805124848337533,15.805124848337533,15.805124848337533,-1.6092890321976527,-1.6092890321976527,-1.6092890321976527,17.414413880535186,17.414413880535186,17.414413880535186,0.0,0.0,0.0,600.9276608556364
177,1963-10-01,588.1365810871605,517.535348740356,604.1859593017739,582.7209790511332,593.7249734505979,-26.128403803545382,-26.128403803545382,-26.128403803545382,-3.812056381685782,-3.812056381685782,-3.812056381685782,-22.3163474218596,-22.3163474218596,-22.3163474218596,0.0,0.0,0.0,562.0081772836152
178,1963-11-01,591.2510943363509,495.4519059600678,582.9998288176054,585.5542501446773,597.0725133051907,-51.39747983856876,-51.39747983856876,-51.39747983856876,4.760701348291246,4.760701348291246,4.760701348291246,-56.158181186860006,-56.158181186860006,-56.158181186860006,0.0,0.0,0.0,539.8536144977821
179,1963-12-01,594.2651394162126,518.7311415889696,610.4591751231206,588.4182101038808,600.388602184768,-31.79623315248988,-31.79623315248988,-31.79623315248988,-1.6092890321977043,-1.6092890321977043,-1.6092890321977043,-30.186944120292175,-30.186944120292175,-30.186944120292175,0.0,0.0,0.0,562.4689062637227
180,1964-01-01,597.379652665403,527.0286149916733,618.2167865830452,591.3044105223978,603.7497057386813,-23.556757747419585,-23.556757747419585,-23.556757747419585,1.0852008461805556,1.0852008461805556,1.0852008461805556,-24.641958593600137,-24.641958593600137,-24.641958593600137,0.0,0.0,0.0,573.8228949179834
181,1964-02-01,600.4941659145934,522.1262188942774,613.465826548738,594.1181377822767,607.1315016229222,-33.60836589091843,-33.60836589091843,-33.60836589091843,1.1735530200234225,1.1735530200234225,1.1735530200234225,-34.78191891094185,-34.78191891094185,-34.78191891094185,0.0,0.0,0.0,566.885800023675
182,1964-03-01,603.4077428251263,558.0635503682724,647.2871467280637,596.7509656244869,610.2909879895536,-3.3750219927820266,-3.3750219927820266,-3.3750219927820266,-1.609289032197061,-1.609289032197061,-1.609289032197061,-1.7657329605849654,-1.7657329605849654,-1.7657329605849654,0.0,0.0,0.0,600.0327208323442
183,1964-04-01,606.5222560743167,556.5264895862558,654.0788329450381,599.577271576045,613.6721176185632,-3.1550858176786822,-3.1550858176786822,-3.1550858176786822,1.08520084618034,1.08520084618034,1.08520084618034,-4.240286663859022,-4.240286663859022,-4.240286663859022,0.0,0.0,0.0,603.367170256638
184,1964-05-01,609.5363011541784,566.5073205757984,657.0511143721066,602.3995304855139,616.9497171316425,0.6203673210492039,0.6203673210492039,0.6203673210492039,4.760701348291888,4.760701348291888,4.760701348291888,-4.140334027242684,-4.140334027242684,-4.140334027242684,0.0,0.0,0.0,610.1566684752277
185,1964-06-01,612.6508144033688,601.3352770679105,686.2156459189138,605.256316154586,620.3362981697376,32.532748433869386,32.532748433869386,32.532748433869386,-2.2096540320739018,-2.2096540320739018,-2.2096540320739018,34.742402465943286,34.742402465943286,34.742402465943286,0.0,0.0,0.0,645.1835628372382
186,1964-07-01,615.6648594832304,644.2961227635643,731.482774499891,607.9764295440692,623.6796126852271,71.60943823780613,71.60943823780613,71.60943823780613,1.0852008461807536,1.0852008461807536,1.0852008461807536,70.52423739162538,70.52423739162538,70.52423739162538,0.0,0.0,0.0,687.2742977210365
187,1964-08-01,618.7793727324208,644.9909843089958,729.3917335832064,610.7865795298626,626.9785015536352,69.17974078930033,69.17974078930033,69.17974078930033,1.1735530200220978,1.1735530200220978,1.1735530200220978,68.00618776927823,68.00618776927823,68.00618776927823,0.0,0.0,0.0,687.9591135217212
188,1964-09-01,621.8938859816112,586.9677685626963,679.6795712302749,613.6181462335214,630.3524538082082,12.756824198000384,12.756824198000384,12.756824198000384,-3.812056381685482,-3.812056381685482,-3.812056381685482,16.568880579685867,16.568880579685867,16.568880579685867,0.0,0.0,0.0,634.6507101796116
189,1964-10-01,624.9079310614729,561.2698515147382,651.4201436880098,616.4332662837583,633.6182883398463,-20.894994009938163,-20.894994009938163,-20.894994009938163,0.6115442314623847,0.6115442314623847,0.6115442314623847,-21.506538241400545,-21.506538241400545,-21.506538241400545,0.0,0.0,0.0,604.0129370515348
190,1964-11-01,628.0224443106633,520.9373361763063,613.2385337274499,619.3389573512571,636.9930041458656,-60.66302805709124,-60.66302805709124,-60.66302805709124,-1.6092890321971485,-1.6092890321971485,-1.6092890321971485,-59.05373902489409,-59.05373902489409,-59.05373902489409,0.0,0.0,0.0,567.3594162535721
191,1964-12-01,631.036489390525,550.9718925839189,640.6504612978068,622.1019042742255,640.2588581516906,-36.77086161906479,-36.77086161906479,-36.77086161906479,-3.8120563816861197,-3.8120563816861197,-3.8120563816861197,-32.95880523737866,-32.95880523737866,-32.95880523737866,0.0,0.0,0.0,594.2656277714602
192,1965-01-01,634.1510026397154,571.4356680637322,664.2550634722757,624.9567245760688,643.6335739577099,-16.719822947137587,-16.719822947137587,-16.719822947137587,4.760701348292165,4.760701348292165,4.760701348292165,-21.480524295429753,-21.480524295429753,-21.480524295429753,0.0,0.0,0.0,617.4311796925779
193,1965-02-01,637.2655158889057,557.1131467935114,650.6610524883715,627.8099705212063,647.0230466659636,-31.898286904986435,-31.898286904986435,-31.898286904986435,-2.2096540320742073,-2.2096540320742073,-2.2096540320742073,-29.688632872912226,-29.688632872912226,-29.688632872912226,0.0,0.0,0.0,605.3672289839193
194,1965-03-01,640.0786246301101,594.8700702385349,682.3808754110236,630.3876922532892,650.090798632217,-2.141789466780685,-2.141789466780685,-2.141789466780685,-2.2096540320738973,-2.2096540320738973,-2.2096540320738973,0.06786456529321214,0.06786456529321214,0.06786456529321214,0.0,0.0,0.0,637.9368351633294
195,1965-04-01,643.1931378793005,594.0211672197668,683.7591752459615,633.2415984566665,653.5106227018853,-4.667066439997657,-4.667066439997657,-4.667066439997657,0.6115442314622411,0.6115442314622411,0.6115442314622411,-5.278610671459899,-5.278610671459899,-5.278610671459899,0.0,0.0,0.0,638.5260714393028
196,1965-05-01,646.2071829591622,598.3099964312047,686.3731955833438,636.0096359552126,656.7825573114812,-2.2499210346856517,-2.2499210346856517,-2.2499210346856517,1.1735530200218922,1.1735530200218922,1.1735530200218922,-3.4234740547075444,-3.4234740547075444,-3.4234740547075444,0.0,0.0,0.0,643.9572619244766
197,1965-06-01,649.3216962083526,636.8115709816236,726.1010785290131,638.838449391827,660.1110908244094,30.22841454844396,30.22841454844396,30.22841454844396,-3.812056381685737,-3.812056381685737,-3.812056381685737,34.04047093012969,34.04047093012969,34.04047093012969,0.0,0.0,0.0,679.5501107567966
198,1965-07-01,652.3357412882142,680.3678405141619,767.5065871547172,641.5565046302361,663.3770296780652,71.16596810524882,71.16596810524882,71.16596810524882,0.6115442314623928,0.6115442314623928,0.6115442314623928,70.55442387378643,70.55442387378643,70.55442387378643,0.0,0.0,0.0,723.501709393463
199,1965-08-01,655.4502545374046,678.5894970064627,768.5153362659992,644.3714178282771,666.7877174206446,66.28581622713116,66.28581622713116,66.28581622713116,-1.6092890321960036,-1.6092890321960036,-1.6092890321960036,67.89510525932717,67.89510525932717,67.89510525932717,0.0,0.0,0.0,721.7360707645357
200,1965-09-01,658.564767786595,633.5175687481823,720.6531302170238,647.2314727373393,670.1991975439606,17.931756099598562,17.931756099598562,17.931756099598562,1.0852008461809082,1.0852008461809082,1.0852008461809082,16.84655525341765,16.84655525341765,16.84655525341765,0.0,0.0,0.0,676.4965238861936
201,1965-10-01,661.5788128664566,597.3708367214657,690.9511143895132,650.0152561183214,673.5006299213633,-17.03562429871435,-17.03562429871435,-17.03562429871435,4.760701348290133,4.760701348290133,4.760701348290133,-21.79632564700448,-21.79632564700448,-21.79632564700448,0.0,0.0,0.0,644.5431885677423
202,1965-11-01,664.693326115647,560.3575848878623,649.7397747979612,652.8888689386896,676.9121100446794,-60.32588392748101,-60.32588392748101,-60.32588392748101,-2.209654032072835,-2.209654032072835,-2.209654032072835,-58.116229895408175,-58.116229895408175,-58.116229895408175,0.0,0.0,0.0,604.367442188166
203,1965-12-01,667.7073711955088,590.451420250171,679.8202561062868,655.6029674863935,680.2076917754049,-30.913457270148882,-30.913457270148882,-30.913457270148882,1.0852008461803817,1.0852008461803817,1.0852008461803817,-31.998658116329267,-31.998658116329267,-31.998658116329267,0.0,0.0,0.0,636.7939139253599
204,1966-01-01,670.8218844446992,603.5705316486933,693.5003019812145,658.5754149331673,683.6060611064491,-21.32148779326668,-21.32148779326668,-21.32148779326668,1.1735530200239594,1.1735530200239594,1.1735530200239594,-22.49504081329064,-22.49504081329064,-22.49504081329064,0.0,0.0,0.0,649.5003966514325
205,1966-02-01,673.9363976938895,594.2833714459553,683.1087914140626,661.5052884073718,687.0765219305458,-35.23294971786074,-35.23294971786074,-35.23294971786074,-3.812056381686872,-3.812056381686872,-3.812056381686872,-31.42089333617387,-31.42089333617387,-31.42089333617387,0.0,0.0,0.0,638.7034479760288
206,1966-03-01,676.7495064350937,630.5642997349867,721.3920385328014,664.0541376684962,690.2156644939423,-1.9078158366845483,-1.9078158366845483,-1.9078158366845483,-3.8120563816864834,-3.8120563816864834,-3.8120563816864834,1.9042405450019353,1.9042405450019353,1.9042405450019353,0.0,0.0,0.0,674.8416905984092
207,1966-04-01,679.8640196842841,626.5570744988302,722.9231679784023,666.8700449574292,693.6952871671352,-1.5651354866413647,-1.5651354866413647,-1.5651354866413647,4.760701348291246,4.760701348291246,4.760701348291246,-6.325836834932611,-6.325836834932611,-6.325836834932611,0.0,0.0,0.0,678.2988841976428
208,1966-05-01,682.8780647641458,632.358272425275,724.492119389562,669.5590408150209,696.9512667519939,-4.309237597863002,-4.309237597863002,-4.309237597863002,-1.6092890321962483,-1.6092890321962483,-1.6092890321962483,-2.6999485656667543,-2.6999485656667543,-2.6999485656667543,0.0,0.0,0.0,678.5688271662829
209,1966-06-01,685.9925780133362,675.3791255452843,765.9608544963924,672.347575569703,700.3442988553329,34.41367123293618,34.41367123293618,34.41367123293618,1.08520084618058,1.08520084618058,1.08520084618058,33.328470386755605,33.328470386755605,33.328470386755605,0.0,0.0,0.0,720.4062492462724
210,1966-07-01,689.0066230931978,719.3768325806376,809.9251482994952,675.0285204618746,703.7137895653515,75.3370001006852,75.3370001006852,75.3370001006852,4.760701348291586,4.760701348291586,4.760701348291586,70.57629875239361,70.57629875239361,70.57629875239361,0.0,0.0,0.0,764.3436231938831
211,1966-08-01,692.1211363423882,711.1644609664843,804.4754601496826,677.7867662134647,707.074332327967,65.56473390599034,65.56473390599034,65.56473390599034,-2.2096540320741997,-2.2096540320741997,-2.2096540320741997,67.77438793806454,67.77438793806454,67.77438793806454,0.0,0.0,0.0,757.6858702483786
212,1966-09-01,695.2356495915786,664.4657934396955,758.857672763437,680.5725739503142,710.4733224239927,17.739803996789995,17.739803996789995,17.739803996789995,0.6115442314623477,0.6115442314623477,0.6115442314623477,17.12825976532765,17.12825976532765,17.12825976532765,0.0,0.0,0.0,712.9754535883686
213,1966-10-01,698.2496946714404,635.7044538699538,724.5472870607251,683.2834989114531,713.8069347623652,-20.892850217007638,-20.892850217007638,-20.892850217007638,1.1735530200230606,1.1735530200230606,1.1735530200230606,-22.0664032370307,-22.0664032370307,-22.0664032370307,0.0,0.0,0.0,677.3568444544327
214,1966-11-01,701.3642079206307,595.0928927446585,685.5172061007322,686.0153459003023,717.3515837655178,-60.96267296872779,-60.96267296872779,-60.96267296872779,-3.812056381686375,-3.812056381686375,-3.812056381686375,-57.150616587041405,-57.150616587041405,-57.150616587041405,0.0,0.0,0.0,640.4015349519029
215,1966-12-01,704.3782530004925,628.341119459576,723.2786540865009,688.6655042918123,720.7069299163774,-30.462748086332127,-30.462748086332127,-30.462748086332127,0.6115442314622757,0.6115442314622757,0.6115442314622757,-31.074292317794402,-31.074292317794402,-31.074292317794402,0.0,0.0,0.0,673.9155049141604
216,1967-01-01,707.4927662496829,635.3654647844464,726.476404772585,691.5308281850486,724.1709109929845,-25.158607055105918,-25.158607055105918,-25.158607055105918,-1.6092890321967281,-1.6092890321967281,-1.6092890321967281,-23.549318022909194,-23.549318022909194,-23.549318022909194,0.0,0.0,0.0,682.334159194577
217,1967-02-01,710.6072794988731,630.1252901608117,725.0262092359842,694.3822805402411,727.6327709578135,-32.03405213091493,-32.03405213091493,-32.03405213091493,1.085200846180745,1.085200846180745,1.085200846180745,-33.11925297709568,-33.11925297709568,-33.11925297709568,0.0,0.0,0.0,678.5732273679582
218,1967-03-01,713.4203882400775,670.7533632902654,766.9811453501034,696.9108199232872,730.7593827333318,4.826845668728786,4.826845668728786,4.826845668728786,1.08520084618046,1.08520084618046,1.08520084618046,3.7416448225483254,3.7416448225483254,3.7416448225483254,0.0,0.0,0.0,718.2472339088063
219,1967-04-01,716.5349014892679,667.4899730715675,755.1764007276117,699.5694868020709,734.152078437413,-6.207905304728487,-6.207905304728487,-6.207905304728487,1.1735530200224291,1.1735530200224291,1.1735530200224291,-7.381458324750915,-7.381458324750915,-7.381458324750915,0.0,0.0,0.0,710.3269961845394
220,1967-05-01,719.5489465691295,669.4858082716497,763.9973200822585,702.2404178663305,737.4644533812292,-4.1801263626300456,-4.1801263626300456,-4.1801263626300456,-2.2096540320735114,-2.2096540320735114,-2.2096540320735114,-1.9704723305565346,-1.9704723305565346,-1.9704723305565346,0.0,0.0,0.0,715.3688202064994
221,1967-06-01,722.6634598183199,708.1514818750245,803.3844090175188,705.0072900577032,740.8249202530131,33.21808085490082,33.21808085490082,33.21808085490082,0.6115442314622306,0.6115442314622306,0.6115442314622306,32.606536623438586,32.606536623438586,32.606536623438586,0.0,0.0,0.0,755.8815406732207
222,1967-07-01,725.6775048981816,754.0618659814282,844.838969678264,707.5260226801264,744.0764314899895,71.7634030706028,71.7634030706028,71.7634030706028,1.1735530200221624,1.1735530200221624,1.1735530200221624,70.58985005058064,70.58985005058064,70.58985005058064,0.0,0.0,0.0,797.4409079687844
223,1967-08-01,728.792018147372,745.5813111915592,840.736041315084,710.3030287076065,747.4362942017601,63.83245437687473,63.83245437687473,63.83245437687473,-3.812056381686047,-3.812056381686047,-3.812056381686047,67.64451075856077,67.64451075856077,67.64451075856077,0.0,0.0,0.0,792.6244725242467
224,1967-09-01,731.9065313965624,701.3120975272478,801.3297268148978,713.0505175031723,750.8010636308097,22.175115228826545,22.175115228826545,22.175115228826545,4.76070134829098,4.76070134829098,4.76070134829098,17.414413880535562,17.414413880535562,17.414413880535562,0.0,0.0,0.0,754.081646625389
225,1967-10-01,734.920576476424,668.0662398711572,757.7061902054934,715.6167822233091,754.0653309426284,-23.925636454056217,-23.925636454056217,-23.925636454056217,-1.6092890321969726,-1.6092890321969726,-1.6092890321969726,-22.31634742185925,-22.31634742185925,-22.31634742185925,0.0,0.0,0.0,710.9949400223678
226,1967-11-01,738.0350897256144,634.7816116742239,733.4256743682324,718.2306004220563,757.4384071648411,-55.07298034067974,-55.07298034067974,-55.07298034067974,1.0852008461806246,1.0852008461806246,1.0852008461806246,-56.15818118686037,-56.15818118686037,-56.15818118686037,0.0,0.0,0.0,682.9621093849347
227,1967-12-01,741.0491348054761,666.221373744957,768.4283464170602,720.8692507657021,760.7026744766599,-25.426242772000954,-25.426242772000954,-25.426242772000954,4.760701348290829,4.760701348290829,4.760701348290829,-30.186944120291784,-30.186944120291784,-30.186944120291784,0.0,0.0,0.0,715.6228920334752
228,1968-01-01,744.1636480546665,670.0847408362383,766.7922865613612,723.6077430149575,764.2259287291516,-26.851612625673695,-26.851612625673695,-26.851612625673695,-2.209654032072813,-2.209654032072813,-2.209654032072813,-24.64195859360088,-24.64195859360088,-24.64195859360088,0.0,0.0,0.0,717.3120354289928
229,1968-02-01,747.2781613038569,664.759348025831,761.5602841539232,726.2843047085423,767.6572753829257,-34.170374679479835,-34.170374679479835,-34.170374679479835,0.6115442314622438,0.6115442314622438,0.6115442314622438,-34.781918910942075,-34.781918910942075,-34.781918910942075,0.0,0.0,0.0,713.107786624377
230,1968-03-01,750.1917382143898,705.2319528786701,801.615697444614,728.9381639868054,770.8569601982697,2.994968387706465,2.994968387706465,2.994968387706465,4.760701348290878,4.760701348290878,4.760701348290878,-1.765732960584413,-1.765732960584413,-1.765732960584413,0.0,0.0,0.0,753.1867066020963
231,1968-04-01,753.3062514635802,695.5504042904183,797.0739891711186,731.77915624832,774.348501834888,-6.449940695933758,-6.449940695933758,-6.449940695933758,-2.2096540320739377,-2.2096540320739377,-2.2096540320739377,-4.240286663859821,-4.240286663859821,-4.240286663859821,0.0,0.0,0.0,746.8563107676465
232,1968-05-01,756.3202965434419,708.1037724754856,802.0386617802377,734.5276038280228,777.7274130961315,-3.0551331810616515,-3.0551331810616515,-3.0551331810616515,1.0852008461806149,1.0852008461806149,1.0852008461806149,-4.140334027242266,-4.140334027242266,-4.140334027242266,0.0,0.0,0.0,753.2651633623802
233,1968-06-01,759.4348097926323,746.6085853228578,847.4263789718757,737.3276543689885,781.2011576214669,35.91595548596542,35.91595548596542,35.91595548596542,1.1735530200224302,1.1735530200224302,1.1735530200224302,34.74240246594299,34.74240246594299,34.74240246594299,0.0,0.0,0.0,795.3507652785978
234,1968-07-01,762.448854872494,781.6315470999416,879.6127025551883,740.0129861263313,784.4851206659572,68.314583359552,68.314583359552,68.314583359552,-2.209654032073395,-2.209654032073395,-2.209654032073395,70.52423739162539,70.52423739162539,70.52423739162539,0.0,0.0,0.0,830.763438232046
235,1968-08-01,765.5633681216844,783.2843567635892,884.8894385383129,742.6925831280885,787.9420068970214,68.6177320007405,68.6177320007405,68.6177320007405,0.6115442314622479,0.6115442314622479,0.6115442314622479,68.00618776927826,68.00618776927826,68.00618776927826,0.0,0.0,0.0,834.1811001224249
236,1968-09-01,768.6778813708747,736.7144853697912,833.7258062794097,745.4024875660015,791.4406300751336,14.959591547489403,14.959591547489403,14.959591547489403,-1.6092890321968094,-1.6092890321968094,-1.6092890321968094,16.56888057968621,16.56888057968621,16.56888057968621,0.0,0.0,0.0,783.6374729183641
237,1968-10-01,771.6919264507366,694.5896335997197,800.7167016105763,748.0533572477616,794.8421206526428,-25.318594623086803,-25.318594623086803,-25.318594623086803,-3.8120563816860478,-3.8120563816860478,-3.8120563816860478,-21.506538241400758,-21.506538241400758,-21.506538241400758,0.0,0.0,0.0,746.3733318276497
238,1968-11-01,774.8064396999268,670.5441445009496,768.8672473061849,750.776019573176,798.3872744237193,-54.29303767660242,-54.29303767660242,-54.29303767660242,4.760701348291155,4.760701348291155,4.760701348291155,-59.053739024893574,-59.053739024893574,-59.053739024893574,0.0,0.0,0.0,720.5134020233244
239,1968-12-01,777.8204847797886,693.1314659660494,793.8433803632735,753.412877118812,801.7479016310319,-34.568094269575106,-34.568094269575106,-34.568094269575106,-1.6092890321969058,-1.6092890321969058,-1.6092890321969058,-32.9588052373782,-32.9588052373782,-32.9588052373782,0.0,0.0,0.0,743.2523905102134
240,1969-01-01,780.934998028979,710.7869817365512,816.3960241617444,756.1460222431529,805.2205497452552,-20.395323449248625,-20.395323449248625,-20.395323449248625,1.0852008461806217,1.0852008461806217,1.0852008461806217,-21.480524295429245,-21.480524295429245,-21.480524295429245,0.0,0.0,0.0,760.5396745797303
241,1969-02-01,784.0495112781693,705.6684013604109,804.8426903511878,758.8617608138873,808.690980613057,-28.51507985289028,-28.51507985289028,-28.51507985289028,1.173553020022643,1.173553020022643,1.173553020022643,-29.688632872912923,-29.688632872912923,-29.688632872912923,0.0,0.0,0.0,755.5344314252791
242,1969-03-01,786.8626200193736,736.7893380338339,837.213159549068,761.3179937267076,811.7438339215113,1.2414175853161329,1.2414175853161329,1.2414175853161329,1.173553020022595,1.173553020022595,1.173553020022595,0.067864565293538,0.067864565293538,0.067864565293538,0.0,0.0,0.0,788.1040376046898
243,1969-04-01,789.977133268564,732.3772651821008,833.69046623758,764.0385582284719,815.0932978022171,-9.090667053146468,-9.090667053146468,-9.090667053146468,-3.8120563816861184,-3.8120563816861184,-3.8120563816861184,-5.278610671460351,-5.278610671460351,-5.278610671460351,0.0,0.0,0.0,780.8864662154175
244,1969-05-01,792.9911783484256,739.0151021028121,839.0152099513667,766.6207168273544,818.4867961506006,-2.8119298232442835,-2.8119298232442835,-2.8119298232442835,0.6115442314622425,0.6115442314622425,0.6115442314622425,-3.4234740547065257,-3.4234740547065257,-3.4234740547065257,0.0,0.0,0.0,790.1792485251813
245,1969-06-01,796.105691597616,780.305190534308,881.2575566078964,769.2442611937093,821.899045775132,32.431181897932106,32.431181897932106,32.431181897932106,-1.6092890321969782,-1.6092890321969782,-1.6092890321969782,34.04047093012909,34.04047093012909,34.04047093012909,0.0,0.0,0.0,828.5368734955481
246,1969-07-01,799.1197366774777,817.0233023074791,916.2276712228838,771.7874058881963,825.2597862407791,66.74236749210009,66.74236749210009,66.74236749210009,-3.8120563816861956,-3.8120563816861956,-3.8120563816861956,70.55442387378629,70.55442387378629,70.55442387378629,0.0,0.0,0.0,865.8621041695778
247,1969-08-01,802.2342499266681,822.8286427521907,922.3480414474321,774.4157534340216,829.0948145235334,72.65580660761789,72.65580660761789,72.65580660761789,4.760701348290943,4.760701348290943,4.760701348290943,67.89510525932695,67.89510525932695,67.89510525932695,0.0,0.0,0.0,874.890056534286
248,1969-09-01,805.3487631758585,770.9201729645839,871.3339288982556,777.2140502361418,832.6374393031823,14.636901221344424,14.636901221344424,14.636901221344424,-2.209654032073514,-2.209654032073514,-2.209654032073514,16.84655525341794,16.84655525341794,16.84655525341794,0.0,0.0,0.0,819.9856643972029
249,1969-10-01,808.3628082557202,736.531079204415,837.8950185670668,779.7134218178737,835.953228085858,-20.711124800823534,-20.711124800823534,-20.711124800823534,1.085200846180659,1.085200846180659,1.085200846180659,-21.796325647004192,-21.796325647004192,-21.796325647004192,0.0,0.0,0.0,787.6516834548967
250,1969-11-01,811.4773215049105,703.6143412862114,803.3303592150838,782.296757377824,839.3797195031298,-56.94267687538601,-56.94267687538601,-56.94267687538601,1.173553020022703,1.173553020022703,1.173553020022703,-58.11622989540871,-58.11622989540871,-58.11622989540871,0.0,0.0,0.0,754.5346446295245
251,1969-12-01,814.4913665847724,729.7874581250177,835.1535809134956,784.796840237775,842.6956789391991,-34.20831214840296,-34.20831214840296,-34.20831214840296,-2.209654032073529,-2.209654032073529,-2.209654032073529,-31.99865811632943,-31.99865811632943,-31.99865811632943,0.0,0.0,0.0,780.2830544363695
252,1970-01-01,817.6058798339628,743.5513070671836,846.6583085216155,787.4859890570577,846.122170356471,-21.883496581827686,-21.883496581827686,-21.883496581827686,0.6115442314621934,0.6115442314621934,0.6115442314621934,-22.49504081328988,-22.49504081328988,-22.49504081328988,0.0,0.0,0.0,795.7223832521352
253,1970-02-01,820.720393083153,732.5963321907091,842.3879507620239,790.2625180372667,849.5870486673017,-33.03018236836956,-33.03018236836956,-33.03018236836956,-1.6092890321968927,-1.6092890321968927,-1.6092890321968927,-31.420893336172664,-31.420893336172664,-31.420893336172664,0.0,0.0,0.0,787.6902107147835
254,1970-03-01,823.5335018243572,770.5151453506988,877.9617144074773,792.7703506645522,852.8264990888252,0.29495151280420046,0.29495151280420046,0.29495151280420046,-1.6092890321968478,-1.6092890321968478,-1.6092890321968478,1.9042405450010484,1.9042405450010484,1.9042405450010484,0.0,0.0,0.0,823.8284533371615
255,1970-04-01,826.6480150735479,766.45447175859,877.9694032734965,795.5492205439186,856.4130334840834,-5.2406359887519605,-5.2406359887519605,-5.2406359887519605,1.0852008461807148,1.0852008461807148,1.0852008461807148,-6.325836834932675,-6.325836834932675,-6.325836834932675,0.0,0.0,0.0,821.4073790847959
256,1970-05-01,829.6620601534094,778.3386401054662,886.8858069589808,798.2426158674664,859.8838732214301,2.060752782624617,2.060752782624617,2.060752782624617,4.760701348290923,4.760701348290923,4.760701348290923,-2.6999485656663063,-2.6999485656663063,-2.6999485656663063,0.0,0.0,0.0,831.722812936034
257,1970-06-01,832.7765734025999,805.9839825840824,916.5719783455344,801.0257910351326,863.4702867067208,31.118816354681567,31.118816354681567,31.118816354681567,-2.2096540320734825,-2.2096540320734825,-2.2096540320734825,33.32847038675505,33.32847038675505,33.32847038675505,0.0,0.0,0.0,863.8953897572815
258,1970-07-01,835.7906184824614,856.7458580699716,961.1701608849688,803.727295062798,866.9409666800987,71.66149959857435,71.66149959857435,71.66149959857435,1.0852008461807092,1.0852008461807092,1.0852008461807092,70.57629875239364,70.57629875239364,70.57629875239364,0.0,0.0,0.0,907.4521180810357
259,1970-08-01,838.9051317316517,855.7029282584399,959.8977608058424,806.4900144679774,870.5233698721039,68.94794095808706,68.94794095808706,68.94794095808706,1.1735530200227258,1.1735530200227258,1.1735530200227258,67.77438793806434,67.77438793806434,67.77438793806434,0.0,0.0,0.0,907.8530726897388
260,1970-09-01,842.0196449808424,802.8936146467959,912.3579367615242,809.2613324985939,874.0979126008764,13.316203383642296,13.316203383642296,13.316203383642296,-3.8120563816862387,-3.8120563816862387,-3.8120563816862387,17.128259765328533,17.128259765328533,17.128259765328533,0.0,0.0,0.0,855.3358483644847
261,1970-10-01,845.033690060704,768.805302609441,878.4308968411012,811.9231900320784,877.557470450541,-21.454859005569002,-21.454859005569002,-21.454859005569002,0.6115442314622371,0.6115442314622371,0.6115442314622371,-22.06640323703124,-22.06640323703124,-22.06640323703124,0.0,0.0,0.0,823.578831055135
262,1970-11-01,848.1482033098944,734.7240546989094,846.4145314962115,814.6861107234002,881.0720681883636,-58.7599056192382,-58.7599056192382,-58.7599056192382,-1.6092890321968982,-1.6092890321968982,-1.6092890321968982,-57.1506165870413,-57.1506165870413,-57.1506165870413,0.0,0.0,0.0,789.3882976906561
263,1970-12-01,851.1622483897561,758.6996949668105,875.5147844283958,817.3608605675706,884.4313266781637,-34.886348699480216,-34.886348699480216,-34.886348699480216,-3.81205638168617,-3.81205638168617,-3.81205638168617,-31.074292317794043,-31.074292317794043,-31.074292317794043,0.0,0.0,0.0,816.2758996902759
264,1971-01-01,854.2767616389465,781.0452078211296,890.5648537482491,820.124838226741,887.9025604509573,-18.788616674618115,-18.788616674618115,-18.788616674618115,4.760701348291116,4.760701348291116,4.760701348291116,-23.549318022909233,-23.549318022909233,-23.549318022909233,0.0,0.0,0.0,835.4881449643284
265,1971-02-01,857.3912748881369,765.5001814383589,878.9490881108583,822.8888158859113,891.3804448060794,-35.328907009169555,-35.328907009169555,-35.328907009169555,-2.2096540320735816,-2.2096540320735816,-2.2096540320735816,-33.11925297709597,-33.11925297709597,-33.11925297709597,0.0,0.0,0.0,822.0623678789673
266,1971-03-01,860.2043836293411,806.7820766300403,920.2416040660016,825.3773206166729,894.5285917212094,1.53199079047521,1.53199079047521,1.53199079047521,-2.2096540320735256,-2.2096540320735256,-2.2096540320735256,3.7416448225487358,3.7416448225487358,3.7416448225487358,0.0,0.0,0.0,861.7363744198163
267,1971-04-01,863.3188968785315,801.0086311688653,907.1965558153128,828.039286483571,898.1452345789903,-6.769914093288775,-6.769914093288775,-6.769914093288775,0.6115442314623037,0.6115442314623037,0.6115442314623037,-7.381458324751079,-7.381458324751079,-7.381458324751079,0.0,0.0,0.0,856.5489827852427
268,1971-05-01,866.3329419583931,806.9749447407788,916.8145377422063,830.604884718032,901.7369209084779,-0.7969193105333485,-0.7969193105333485,-0.7969193105333485,1.1735530200229896,1.1735530200229896,1.1735530200229896,-1.970472330556338,-1.970472330556338,-1.970472330556338,0.0,0.0,0.0,865.5360226478598
269,1971-06-01,869.4474552075835,838.8619661200227,953.5669582473965,833.2560028936421,905.4474569421697,28.794480241752275,28.794480241752275,28.794480241752275,-3.8120563816862214,-3.8120563816862214,-3.8120563816862214,32.6065366234385,32.6065366234385,32.6065366234385,0.0,0.0,0.0,898.2419354493358
270,1971-07-01,872.4615002874452,887.3220755196929,1002.450621314449,835.821601128103,908.9489547783745,71.20139428204281,71.20139428204281,71.20139428204281,0.6115442314622811,0.6115442314622811,0.6115442314622811,70.58985005058054,70.58985005058054,70.58985005058054,0.0,0.0,0.0,943.662894569488
271,1971-08-01,875.5760135366356,885.8967319141741,1000.4957576444502,838.4727193037129,912.4486052904424,66.03522172636325,66.03522172636325,66.03522172636325,-1.6092890321973283,-1.6092890321973283,-1.6092890321973283,67.64451075856057,67.64451075856057,67.64451075856057,0.0,0.0,0.0,941.6112352629989
272,1971-09-01,878.690526785826,838.6139883535567,954.1562687733109,841.1287312644149,915.9396247376625,18.499614726716267,18.499614726716267,18.499614726716267,1.0852008461806415,1.0852008461806415,1.0852008461806415,17.414413880535626,17.414413880535626,17.414413880535626,0.0,0.0,0.0,897.1901415125423
273,1971-10-01,881.7045718656876,806.343842430963,922.2447427269676,843.7038178936401,919.3180306543272,-17.555646073568518,-17.555646073568518,-17.555646073568518,4.760701348290854,4.760701348290854,4.760701348290854,-22.316347421859373,-22.316347421859373,-22.316347421859373,0.0,0.0,0.0,864.1489257921191
274,1971-11-01,884.819085114878,770.3934646126045,886.6266768241506,846.3647407438392,922.7534257901574,-58.367835218933784,-58.367835218933784,-58.367835218933784,-2.209654032073534,-2.209654032073534,-2.209654032073534,-56.15818118686025,-56.15818118686025,-56.15818118686025,0.0,0.0,0.0,826.4512498959442
275,1971-12-01,887.8331301947397,800.1226251875331,916.0633764459316,848.9356909867066,926.1791112899432,-29.10174327411145,-29.10174327411145,-29.10174327411145,1.0852008461807405,1.0852008461807405,1.0852008461807405,-30.18694412029219,-30.18694412029219,-30.18694412029219,0.0,0.0,0.0,858.7313869206283
